Test Suite,Test,Test#,Type,Pattern,Lower,Upper,Unit,Min,Max,Mean,Sdev,Cpk,Cpl,Cpu,Device#,Fail#,Alarm#,Time,TS Time
"Opens_T_Functional","Opens_T",7050,"Parametric","",1,1,"",1,1,1,0,***,***,***,20,0,0,0.0756129,***
"EVENPINS_Shorts","EVENPINS_Shorts",14003001,"Parametric","",-400,400,"nA",-17,-8,-10.18,2.2469,57.8307,57.8307,60.8512,50,0,0,0.0381203,***
"EVENPINS_Shorts","EVENPINS_Shorts",14003002,"Parametric","",-400,400,"nA",-17,-8,-11.18,2.14467,60.4321,60.4321,63.9074,50,0,0,0.0381203,***
"EVENPINS_Shorts","EVENPINS_Shorts",14003003,"Parametric","",-400,400,"nA",-17,-9,-10.94,1.87801,69.0552,69.0552,72.9387,50,0,0,0.0381203,***
"EVENPINS_Shorts","EVENPINS_Shorts",14003004,"Parametric","",-400,400,"nA",-16,-7,-9.52,2.26995,57.3406,57.3406,60.1365,50,0,0,0.0381203,***
"EVENPINS_Shorts","EVENPINS_Shorts",14003005,"Parametric","",-400,400,"nA",-19,-8,-10.88,2.56061,50.6546,50.6546,53.4872,50,0,0,0.0381203,***
"EVENPINS_Shorts","EVENPINS_Shorts",14003006,"Parametric","",-400,400,"nA",-16,-9,-10.66,1.95469,66.3941,66.3941,70.0298,50,0,0,0.0381203,***
"EVENPINS_Shorts","EVENPINS_Shorts",14003007,"Parametric","",-400,400,"nA",-17,-9,-11.22,2.188,59.2291,59.2291,62.6478,50,0,0,0.0381203,***
"EVENPINS_Shorts","EVENPINS_Shorts",14003008,"Parametric","",-400,400,"nA",-17,-7,-10.5,2.23379,58.1226,58.1226,61.2563,50,0,0,0.0381203,***
"EVENPINS_Shorts","EVENPINS_Shorts",14003009,"Parametric","",-400,400,"nA",-18,-8,-11.5,2.35822,54.9142,54.9142,58.1652,50,0,0,0.0381203,***
"EVENPINS_Shorts","EVENPINS_Shorts",14003010,"Parametric","",-400,400,"nA",-16,-9,-11.04,1.93739,66.9217,66.9217,70.7207,50,0,0,0.0381203,***
"EVENPINS_Shorts","EVENPINS_Shorts",14003011,"Parametric","",-400,400,"nA",-15,-7,-9.7,2.23379,58.2419,58.2419,61.1369,50,0,0,0.0381203,***
"EVENPINS_Shorts","EVENPINS_Shorts",14003012,"Parametric","",-400,400,"nA",-19,-7,-12.1,2.72741,47.4076,47.4076,50.3652,50,0,0,0.0381203,***
"EVENPINS_Shorts","EVENPINS_Shorts",14003013,"Parametric","",-400,400,"nA",-16,-7,-10.26,2.47279,52.5371,52.5371,55.3032,50,0,0,0.0381203,***
"EVENPINS_Shorts","EVENPINS_Shorts",14003014,"Parametric","",-400,400,"nA",-18,-8,-11.02,2.55942,50.66,50.66,53.5304,50,0,0,0.0381203,***
"EVENPINS_Shorts","EVENPINS_Shorts",14003015,"Parametric","",-400,400,"nA",-17,-8,-10.64,2.10694,61.5997,61.5997,64.9663,50,0,0,0.0381203,***
"EVENPINS_Shorts","EVENPINS_Shorts",14003016,"Parametric","",-400,400,"nA",-15,-8,-10.02,1.87888,69.1865,69.1865,72.7418,50,0,0,0.0381203,***
"EVENPINS_Shorts","EVENPINS_Shorts",14003017,"Parametric","",-400,400,"nA",-17,-8,-10.74,2.17415,59.68,59.68,62.9732,50,0,0,0.0381203,***
"EVENPINS_Shorts","EVENPINS_Shorts",14003018,"Parametric","",-400,400,"nA",-24,-11,-14.18,3.08181,41.7309,41.7309,44.7984,50,0,0,0.0381203,***
"EVENPINS_Shorts","EVENPINS_Shorts",14003019,"Parametric","",-400,400,"nA",-17,-8,-11.1,2.12132,61.1097,61.1097,64.5981,50,0,0,0.0381203,***
"EVENPINS_Shorts","EVENPINS_Shorts",14003020,"Parametric","",-400,400,"nA",-18,-9,-11.32,1.96334,65.9897,65.9897,69.8335,50,0,0,0.0381203,***
"EVENPINS_Shorts","EVENPINS_Shorts",14003021,"Parametric","",-400,400,"nA",-16,-8,-10.82,2.03731,63.6756,63.6756,67.2162,50,0,0,0.0381203,***
"EVENPINS_Shorts","EVENPINS_Shorts",14003022,"Parametric","",-400,400,"nA",-17,-7,-9.94,2.25343,57.6986,57.6986,60.6393,50,0,0,0.0381203,***
"EVENPINS_Shorts","EVENPINS_Shorts",14003023,"Parametric","",-400,400,"nA",-17,-7,-11.3,2.27901,56.8522,56.8522,60.1578,50,0,0,0.0381203,***
"EVENPINS_Shorts","EVENPINS_Shorts",14003024,"Parametric","",-400,400,"nA",-18,-9,-11.46,2.30536,56.1792,56.1792,59.4932,50,0,0,0.0381203,***
"EVENPINS_Shorts","EVENPINS_Shorts",14003025,"Parametric","",-400,400,"nA",-16,-8,-10.24,2.036,63.8113,63.8113,67.1643,50,0,0,0.0381203,***
"EVENPINS_Shorts","EVENPINS_Shorts",14003026,"Parametric","",-400,400,"nA",-18,-7,-10.88,2.52853,51.2972,51.2972,54.1658,50,0,0,0.0381203,***
"EVENPINS_Shorts","EVENPINS_Shorts",14003027,"Parametric","",-400,400,"nA",-17,-8,-10.46,2.323,55.8961,55.8961,58.898,50,0,0,0.0381203,***
"EVENPINS_Shorts","EVENPINS_Shorts",14003028,"Parametric","",-400,400,"nA",-19,-9,-12.28,2.50746,51.5422,51.5422,54.8072,50,0,0,0.0381203,***
"EVENPINS_Shorts","EVENPINS_Shorts",14003029,"Parametric","",-400,400,"nA",-17,-7,-10.88,2.52853,51.2972,51.2972,54.1658,50,0,0,0.0381203,***
"EVENPINS_Shorts","EVENPINS_Shorts",14003030,"Parametric","",-400,400,"nA",-16,-7,-10.72,2.52368,51.4169,51.4169,54.2487,50,0,0,0.0381203,***
"EVENPINS_Shorts","EVENPINS_Shorts",14003031,"Parametric","",-400,400,"nA",-16,-7,-10.46,2.69701,48.1446,48.1446,50.7302,50,0,0,0.0381203,***
"EVENPINS_Shorts","EVENPINS_Shorts",14003032,"Parametric","",-400,400,"nA",-16,-8,-10.44,2.12045,61.2385,61.2385,64.5208,50,0,0,0.0381203,***
"EVENPINS_Shorts","EVENPINS_Shorts",14003033,"Parametric","",-400,400,"nA",-18,-8,-11.46,2.7121,47.7538,47.7538,50.5708,50,0,0,0.0381203,***
"EVENPINS_Shorts","EVENPINS_Shorts",14003034,"Parametric","",-400,400,"nA",-16,-7,-9.56,2.15861,60.2919,60.2919,63.2444,50,0,0,0.0381203,***
"EVENPINS_Shorts","EVENPINS_Shorts",14003035,"Parametric","",-400,400,"nA",-16,-7,-9.88,1.96542,66.1641,66.1641,69.5154,50,0,0,0.0381203,***
"EVENPINS_Shorts","EVENPINS_Shorts",14003036,"Parametric","",-400,400,"nA",-17,-8,-11.28,2.16691,59.7963,59.7963,63.2667,50,0,0,0.0381203,***
"EVENPINS_Shorts","EVENPINS_Shorts",14003037,"Parametric","",-400,400,"nA",-16,-8,-10.04,2.12814,61.0799,61.0799,64.2251,50,0,0,0.0381203,***
"EVENPINS_Shorts","EVENPINS_Shorts",14003038,"Parametric","",-400,400,"nA",-18,-8,-11.06,2.46121,52.676,52.676,55.6718,50,0,0,0.0381203,***
"EVENPINS_Shorts","EVENPINS_Shorts",14003039,"Parametric","",-400,400,"nA",-16,-7,-9.92,2.2932,56.7009,56.7009,59.5848,50,0,0,0.0381203,***
"EVENPINS_Shorts","EVENPINS_Shorts",14003040,"Parametric","",-400,400,"nA",-18,-8,-11.08,2.28429,56.753,56.753,59.9867,50,0,0,0.0381203,***
"EVENPINS_Shorts","EVENPINS_Shorts",14003041,"Parametric","",-400,400,"nA",-13,-6,-7.88,1.7337,75.3918,75.3918,78.4219,50,0,0,0.0381203,***
"EVENPINS_Shorts","EVENPINS_Shorts",14003042,"Parametric","",-400,400,"nA",-16,-7,-9.44,2.23296,58.3022,58.3022,61.1206,50,0,0,0.0381203,***
"EVENPINS_Shorts","EVENPINS_Shorts",14003043,"Parametric","",-400,400,"nA",-18,-9,-10.72,2.12891,60.9515,60.9515,64.3084,50,0,0,0.0381203,***
"EVENPINS_Shorts","EVENPINS_Shorts",14003044,"Parametric","",-400,400,"nA",-16,-7,-9.82,2.2469,57.8841,57.8841,60.7978,50,0,0,0.0381203,***
"EVENPINS_Shorts","EVENPINS_Shorts",14003045,"Parametric","",-400,400,"nA",-18,-10,-11.6,2.14761,60.284,60.284,63.8849,50,0,0,0.0381203,***
"EVENPINS_Shorts","EVENPINS_Shorts",14003046,"Parametric","",-400,400,"nA",-17,-8,-10.32,2.0448,63.5236,63.5236,66.8882,50,0,0,0.0381203,***
"EVENPINS_Shorts","EVENPINS_Shorts",14003047,"Parametric","",-400,400,"nA",-19,-9,-11.76,2.47897,52.2044,52.2044,55.367,50,0,0,0.0381203,***
"EVENPINS_Shorts","EVENPINS_Shorts",14003048,"Parametric","",-400,400,"nA",-16,-8,-10.6,2.11891,61.2578,61.2578,64.5928,50,0,0,0.0381203,***
"EVENPINS_Shorts","EVENPINS_Shorts",14003049,"Parametric","",-400,400,"nA",-15,-7,-9.26,1.79353,72.6205,72.6205,76.0625,50,0,0,0.0381203,***
"EVENPINS_Shorts","EVENPINS_Shorts",14003050,"Parametric","",-400,400,"nA",-17,-8,-10.26,2.16475,60.0132,60.0132,63.1729,50,0,0,0.0381203,***
"EVENPINS_Shorts","EVENPINS_Shorts",14003051,"Parametric","",-400,400,"nA",-18,-9,-11.66,2.27327,56.9429,56.9429,60.3624,50,0,0,0.0381203,***
"EVENPINS_Shorts","EVENPINS_Shorts",14003052,"Parametric","",-400,400,"nA",-18,-10,-11.48,1.94033,66.7445,66.7445,70.6888,50,0,0,0.0381203,***
"EVENPINS_Shorts","EVENPINS_Shorts",14003053,"Parametric","",-400,400,"nA",-14,-7,-8.68,1.65911,78.6204,78.6204,82.1082,50,0,0,0.0381203,***
"EVENPINS_Shorts","EVENPINS_Shorts",14003054,"Parametric","",-400,400,"nA",-15,-7,-10.16,2.23479,58.1472,58.1472,61.178,50,0,0,0.0381203,***
"EVENPINS_Shorts","EVENPINS_Shorts",14003055,"Parametric","",-400,400,"nA",-16,-8,-10,1.82946,71.0591,71.0591,74.7031,50,0,0,0.0381203,***
"EVENPINS_Shorts","EVENPINS_Shorts",14003056,"Parametric","",-400,400,"nA",-17,-7,-9.68,2.18006,59.6804,59.6804,62.6405,50,0,0,0.0381203,***
"EVENPINS_Shorts","EVENPINS_Shorts",14003057,"Parametric","",-400,400,"nA",-13,-6,-8.18,1.66218,78.5753,78.5753,81.8561,50,0,0,0.0381203,***
"EVENPINS_Shorts","EVENPINS_Shorts",14003058,"Parametric","",-400,400,"nA",-12,-5,-7.58,1.75068,74.7174,74.7174,77.6039,50,0,0,0.0381203,***
"EVENPINS_Shorts","EVENPINS_Shorts",14003059,"Parametric","",-400,400,"nA",-12,-4,-7.46,2.03249,64.3775,64.3775,66.8244,50,0,0,0.0381203,***
"EVENPINS_Shorts","EVENPINS_Shorts",14003060,"Parametric","",-400,400,"nA",-14,-6,-8.74,1.83848,70.9391,70.9391,74.1084,50,0,0,0.0381203,***
"EVENPINS_Shorts","EVENPINS_Shorts",14003061,"Parametric","",-400,400,"nA",-16,-7,-10,2.03038,64.0274,64.0274,67.3108,50,0,0,0.0381203,***
"EVENPINS_Shorts","EVENPINS_Shorts",14003062,"Parametric","",-400,400,"nA",-17,-8,-10.08,2.28429,56.8989,56.8989,59.8407,50,0,0,0.0381203,***
"EVENPINS_Shorts","EVENPINS_Shorts",14003063,"Parametric","",-400,400,"nA",-18,-9,-11.26,2.04849,63.2562,63.2562,66.9207,50,0,0,0.0381203,***
"EVENPINS_Shorts","EVENPINS_Shorts",14003064,"Parametric","",-400,400,"nA",-14,-6,-8.72,2.09021,62.3988,62.3988,65.18,50,0,0,0.0381203,***
"EVENPINS_Shorts","EVENPINS_Shorts",14003065,"Parametric","",-400,400,"nA",-14,-6,-8.08,1.93612,67.4751,67.4751,70.2573,50,0,0,0.0381203,***
"EVENPINS_Shorts","EVENPINS_Shorts",14003066,"Parametric","",-400,400,"nA",-16,-7,-9.76,2.20907,58.8845,58.8845,61.8299,50,0,0,0.0381203,***
"EVENPINS_Shorts","EVENPINS_Shorts",14003067,"Parametric","",-400,400,"nA",-15,-7,-9.86,1.88452,69.0077,69.0077,72.4958,50,0,0,0.0381203,***
"ODDPINS_Shorts","ODDPINS_Shorts",14013001,"Parametric","",-400,400,"nA",-18,-7,-10.98,2.66872,48.5902,48.5902,51.3331,50,0,0,0.0385,***
"ODDPINS_Shorts","ODDPINS_Shorts",14013002,"Parametric","",-400,400,"nA",-16,-8,-9.88,1.88051,69.1514,69.1514,72.654,50,0,0,0.0385,***
"ODDPINS_Shorts","ODDPINS_Shorts",14013003,"Parametric","",-400,400,"nA",-17,-9,-10.86,2.03048,63.883,63.883,67.4487,50,0,0,0.0385,***
"ODDPINS_Shorts","ODDPINS_Shorts",14013004,"Parametric","",-400,400,"nA",-17,-10,-11.34,1.84734,70.1298,70.1298,74.2222,50,0,0,0.0385,***
"ODDPINS_Shorts","ODDPINS_Shorts",14013005,"Parametric","",-400,400,"nA",-18,-9,-11.46,2.18725,59.2127,59.2127,62.7057,50,0,0,0.0385,***
"ODDPINS_Shorts","ODDPINS_Shorts",14013006,"Parametric","",-400,400,"nA",-16,-8,-9.8,2.03038,64.0602,64.0602,67.278,50,0,0,0.0385,***
"ODDPINS_Shorts","ODDPINS_Shorts",14013007,"Parametric","",-400,400,"nA",-17,-6,-9.5,2.60494,49.9692,49.9692,52.4004,50,0,0,0.0385,***
"ODDPINS_Shorts","ODDPINS_Shorts",14013008,"Parametric","",-400,400,"nA",-16,-6,-9.78,2.4519,53.0499,53.0499,55.7091,50,0,0,0.0385,***
"ODDPINS_Shorts","ODDPINS_Shorts",14013009,"Parametric","",-400,400,"nA",-18,-7,-10.88,2.42133,53.5683,53.5683,56.5639,50,0,0,0.0385,***
"ODDPINS_Shorts","ODDPINS_Shorts",14013010,"Parametric","",-400,400,"nA",-16,-9,-10.4,1.90595,68.1374,68.1374,71.7752,50,0,0,0.0385,***
"ODDPINS_Shorts","ODDPINS_Shorts",14013011,"Parametric","",-400,400,"nA",-16,-6,-9.92,2.39762,54.2316,54.2316,56.9899,50,0,0,0.0385,***
"ODDPINS_Shorts","ODDPINS_Shorts",14013012,"Parametric","",-400,400,"nA",-16,-7,-9.86,2.31243,56.238,56.238,59.0806,50,0,0,0.0385,***
"ODDPINS_Shorts","ODDPINS_Shorts",14013013,"Parametric","",-400,400,"nA",-16,-7,-9.86,2.15719,60.2852,60.2852,63.3324,50,0,0,0.0385,***
"ODDPINS_Shorts","ODDPINS_Shorts",14013014,"Parametric","",-400,400,"nA",-19,-9,-11.52,2.28786,56.6003,56.6003,59.9572,50,0,0,0.0385,***
"ODDPINS_Shorts","ODDPINS_Shorts",14013015,"Parametric","",-400,400,"nA",-15,-8,-10.12,1.86963,69.5111,69.5111,73.1197,50,0,0,0.0385,***
"ODDPINS_Shorts","ODDPINS_Shorts",14013016,"Parametric","",-400,400,"nA",-16,-8,-10.28,1.86307,69.7273,69.7273,73.4058,50,0,0,0.0385,***
"ODDPINS_Shorts","ODDPINS_Shorts",14013017,"Parametric","",-400,400,"nA",-17,-7,-10.72,2.37366,54.6665,54.6665,57.6773,50,0,0,0.0385,***
"ODDPINS_Shorts","ODDPINS_Shorts",14013018,"Parametric","",-400,400,"nA",-17,-7,-10.6,2.24063,57.9302,57.9302,61.0841,50,0,0,0.0385,***
"ODDPINS_Shorts","ODDPINS_Shorts",14013019,"Parametric","",-400,400,"nA",-18,-7,-11.22,2.49317,51.9793,51.9793,54.9794,50,0,0,0.0385,***
"ODDPINS_Shorts","ODDPINS_Shorts",14013020,"Parametric","",-400,400,"nA",-18,-9,-11.08,2.13656,60.6769,60.6769,64.1342,50,0,0,0.0385,***
"ODDPINS_Shorts","ODDPINS_Shorts",14013021,"Parametric","",-400,400,"nA",-17,-8,-10.5,2.13092,60.9283,60.9283,64.2133,50,0,0,0.0385,***
"ODDPINS_Shorts","ODDPINS_Shorts",14013022,"Parametric","",-400,400,"nA",-16,-8,-10.28,1.9799,65.6128,65.6128,69.0742,50,0,0,0.0385,***
"ODDPINS_Shorts","ODDPINS_Shorts",14013023,"Parametric","",-400,400,"nA",-18,-7,-10.72,2.38225,54.4696,54.4696,57.4695,50,0,0,0.0385,***
"ODDPINS_Shorts","ODDPINS_Shorts",14013024,"Parametric","",-400,400,"nA",-18,-9,-11.24,2.036,63.6476,63.6476,67.328,50,0,0,0.0385,***
"ODDPINS_Shorts","ODDPINS_Shorts",14013025,"Parametric","",-400,400,"nA",-16,-7,-9.96,2.07964,62.5173,62.5173,65.7101,50,0,0,0.0385,***
"ODDPINS_Shorts","ODDPINS_Shorts",14013026,"Parametric","",-400,400,"nA",-16,-8,-10.22,1.98247,65.5376,65.5376,68.9744,50,0,0,0.0385,***
"ODDPINS_Shorts","ODDPINS_Shorts",14013027,"Parametric","",-400,400,"nA",-17,-7,-10.24,2.51169,51.7262,51.7262,54.4442,50,0,0,0.0385,***
"ODDPINS_Shorts","ODDPINS_Shorts",14013028,"Parametric","",-400,400,"nA",-18,-9,-10.76,2.05595,63.1078,63.1078,66.5969,50,0,0,0.0385,***
"ODDPINS_Shorts","ODDPINS_Shorts",14013029,"Parametric","",-400,400,"nA",-17,-8,-10.52,1.98196,65.5042,65.5042,69.0428,50,0,0,0.0385,***
"ODDPINS_Shorts","ODDPINS_Shorts",14013030,"Parametric","",-400,400,"nA",-17,-7,-10.24,2.35225,55.2323,55.2323,58.1345,50,0,0,0.0385,***
"ODDPINS_Shorts","ODDPINS_Shorts",14013031,"Parametric","",-400,400,"nA",-16,-8,-10.26,2.16475,60.0132,60.0132,63.1729,50,0,0,0.0385,***
"ODDPINS_Shorts","ODDPINS_Shorts",14013032,"Parametric","",-400,400,"nA",-16,-8,-10.62,2.34643,55.3153,55.3153,58.3327,50,0,0,0.0385,***
"ODDPINS_Shorts","ODDPINS_Shorts",14013033,"Parametric","",-400,400,"nA",-18,-10,-11.72,2.05078,63.1108,63.1108,66.9208,50,0,0,0.0385,***
"ODDPINS_Shorts","ODDPINS_Shorts",14013034,"Parametric","",-400,400,"nA",-17,-6,-10.42,2.42512,53.5478,53.5478,56.4122,50,0,0,0.0385,***
"ODDPINS_Shorts","ODDPINS_Shorts",14013035,"Parametric","",-400,400,"nA",-16,-7,-10.2,2.04041,63.6801,63.6801,67.0127,50,0,0,0.0385,***
"ODDPINS_Shorts","ODDPINS_Shorts",14013036,"Parametric","",-400,400,"nA",-17,-8,-10.64,2.08747,62.174,62.174,65.5721,50,0,0,0.0385,***
"ODDPINS_Shorts","ODDPINS_Shorts",14013037,"Parametric","",-400,400,"nA",-18,-6,-10.24,2.33483,55.6443,55.6443,58.5682,50,0,0,0.0385,***
"ODDPINS_Shorts","ODDPINS_Shorts",14013038,"Parametric","",-400,400,"nA",-13,-5,-7.98,1.7082,76.4975,76.4975,79.6119,50,0,0,0.0385,***
"ODDPINS_Shorts","ODDPINS_Shorts",14013039,"Parametric","",-400,400,"nA",-11,-4,-7,1.57791,83.0213,83.0213,85.9788,50,0,0,0.0385,***
"ODDPINS_Shorts","ODDPINS_Shorts",14013040,"Parametric","",-400,400,"nA",-12,-6,-7.6,1.41421,92.4896,92.4896,96.0722,50,0,0,0.0385,***
"ODDPINS_Shorts","ODDPINS_Shorts",14013041,"Parametric","",-400,400,"nA",-14,-4,-8.6,2.44114,53.4449,53.4449,55.7935,50,0,0,0.0385,***
"ODDPINS_Shorts","ODDPINS_Shorts",14013042,"Parametric","",-400,400,"nA",-17,-7,-10.06,2.60619,49.8735,49.8735,52.4469,50,0,0,0.0385,***
"ODDPINS_Shorts","ODDPINS_Shorts",14013043,"Parametric","",-400,400,"nA",-16,-7,-9.82,2.33597,55.6772,55.6772,58.4797,50,0,0,0.0385,***
"ODDPINS_Shorts","ODDPINS_Shorts",14013044,"Parametric","",-400,400,"nA",-17,-7,-10.36,2.22013,58.5011,58.5011,61.612,50,0,0,0.0385,***
"ODDPINS_Shorts","ODDPINS_Shorts",14013045,"Parametric","",-400,400,"nA",-17,-8,-10.64,2.15482,60.2308,60.2308,63.5226,50,0,0,0.0385,***
"ODDPINS_Shorts","ODDPINS_Shorts",14013046,"Parametric","",-400,400,"nA",-20,-10,-11.94,2.28937,56.5017,56.5017,59.9786,50,0,0,0.0385,***
"ODDPINS_Shorts","ODDPINS_Shorts",14013047,"Parametric","",-400,400,"nA",-18,-9,-11.7,2.20621,58.6678,58.6678,62.2033,50,0,0,0.0385,***
"ODDPINS_Shorts","ODDPINS_Shorts",14013048,"Parametric","",-400,400,"nA",-18,-10,-11.88,2.09606,61.7221,61.7221,65.5007,50,0,0,0.0385,***
"ODDPINS_Shorts","ODDPINS_Shorts",14013071,"Parametric","",-400,400,"nA",-3,-1,-2.06,0.651842,203.495,203.495,205.602,50,0,0,0.0385,***
"ODDPINS_Shorts","ODDPINS_Shorts",14013049,"Parametric","",-400,400,"nA",-15,-7,-9.4,2.02031,64.4457,64.4457,67.5476,50,0,0,0.0385,***
"ODDPINS_Shorts","ODDPINS_Shorts",14013050,"Parametric","",-400,400,"nA",-16,-7,-9.68,2.02474,64.2583,64.2583,67.4455,50,0,0,0.0385,***
"ODDPINS_Shorts","ODDPINS_Shorts",14013051,"Parametric","",-400,400,"nA",-18,-8,-11.64,2.38841,54.2007,54.2007,57.4497,50,0,0,0.0385,***
"ODDPINS_Shorts","ODDPINS_Shorts",14013052,"Parametric","",-400,400,"nA",-18,-10,-11.98,1.98453,65.1741,65.1741,69.1985,50,0,0,0.0385,***
"ODDPINS_Shorts","ODDPINS_Shorts",14013053,"Parametric","",-400,400,"nA",-18,-9,-11.2,2.24063,57.841,57.841,61.1734,50,0,0,0.0385,***
"ODDPINS_Shorts","ODDPINS_Shorts",14013054,"Parametric","",-400,400,"nA",-19,-9,-11.34,2.3089,56.1104,56.1104,59.3847,50,0,0,0.0385,***
"ODDPINS_Shorts","ODDPINS_Shorts",14013055,"Parametric","",-400,400,"nA",-17,-8,-10.84,2.02394,64.0929,64.0929,67.6635,50,0,0,0.0385,***
"ODDPINS_Shorts","ODDPINS_Shorts",14013056,"Parametric","",-400,400,"nA",-16,-7,-10.58,2.11978,61.2359,61.2359,64.5633,50,0,0,0.0385,***
"ODDPINS_Shorts","ODDPINS_Shorts",14013057,"Parametric","",-400,400,"nA",-16,-8,-10.68,1.9319,67.1739,67.1739,70.8594,50,0,0,0.0385,***
"ODDPINS_Shorts","ODDPINS_Shorts",14013058,"Parametric","",-400,400,"nA",-17,-9,-10.66,1.94422,66.7516,66.7516,70.4069,50,0,0,0.0385,***
"ODDPINS_Shorts","ODDPINS_Shorts",14013059,"Parametric","",-400,400,"nA",-17,-8,-10.8,2.22234,58.377,58.377,61.6169,50,0,0,0.0385,***
"ODDPINS_Shorts","ODDPINS_Shorts",14013060,"Parametric","",-400,400,"nA",-14,-6,-8.46,2.1016,62.1018,62.1018,64.7855,50,0,0,0.0385,***
"ODDPINS_Shorts","ODDPINS_Shorts",14013061,"Parametric","",-400,400,"nA",-18,-9,-11.26,2.36307,54.8355,54.8355,58.0122,50,0,0,0.0385,***
"ODDPINS_Shorts","ODDPINS_Shorts",14013062,"Parametric","",-400,400,"nA",-14,-7,-8.68,1.73134,75.3403,75.3403,78.6826,50,0,0,0.0385,***
"ODDPINS_Shorts","ODDPINS_Shorts",14013063,"Parametric","",-400,400,"nA",-14,-7,-9.02,1.77844,73.2814,73.2814,76.6626,50,0,0,0.0385,***
"ODDPINS_Shorts","ODDPINS_Shorts",14013064,"Parametric","",-400,400,"nA",-18,-7,-10.26,2.36307,54.9766,54.9766,57.8711,50,0,0,0.0385,***
"ODDPINS_Shorts","ODDPINS_Shorts",14013065,"Parametric","",-400,400,"nA",-16,-7,-9.72,2.10965,61.6659,61.6659,64.7375,50,0,0,0.0385,***
"ODDPINS_Shorts","ODDPINS_Shorts",14013066,"Parametric","",-400,400,"nA",-12,-6,-7.54,1.64391,79.5784,79.5784,82.6362,50,0,0,0.0385,***
"ODDPINS_Shorts","ODDPINS_Shorts",14013067,"Parametric","",-400,400,"nA",-14,-6,-8.74,1.81614,71.8116,71.8116,75.0199,50,0,0,0.0385,***
"ODDPINS_Shorts","ODDPINS_Shorts",14013068,"Parametric","",-400,400,"nA",-16,-8,-10.56,2.03199,63.8849,63.8849,67.3494,50,0,0,0.0385,***
"ODDPINS_Shorts","ODDPINS_Shorts",14013069,"Parametric","",-400,400,"nA",-18,-10,-11.92,2.19312,58.9843,58.9843,62.6078,50,0,0,0.0385,***
"ODDPINS_Shorts","ODDPINS_Shorts",14013070,"Parametric","",-400,400,"nA",-17,-9,-11.22,2.23415,58.0056,58.0056,61.3537,50,0,0,0.0385,***
"SupplyShorts01_T","SupplyShorts01_T",3943,"Parametric","",-5,5,"mA",1.34235,2.17863,1.61958,0.195844,5.7536,11.2668,5.7536,50,0,0,0.0224063,***
"SupplyShorts02_T","SupplyShorts02_T",13943,"Parametric","",-5,5,"mA",-0.0066315,0.0110648,0.00193744,0.00425756,391.309,391.613,391.309,50,0,0,0.00534986,***
"SupplyShorts03_T","SupplyShorts03_T",23943,"Parametric","",-5,5,"mA",-0.013255,0.0182471,0.00459086,0.00705469,236.033,236.466,236.033,50,0,0,0.0052101,***
"DieID_Vboxlo_T","ROW",15000,"Parametric","",***,***,"",136,170,149.8,11.9591,***,***,***,50,0,0,0.00579694,***
"DieID_Vboxlo_T","COLUMN",15001,"Parametric","",***,***,"",132,168,139.4,10.1136,***,***,***,50,0,0,0.00579694,***
"DieID_Vboxlo_T","WAFER#",15002,"Parametric","",***,***,"",1,2,1.4,0.494872,***,***,***,50,0,0,0.00579694,***
"DieID_Vboxlo_T","LOT#",15003,"Parametric","",***,***,"",3.57504e+06,3.57504e+06,3.57504e+06,0,***,***,***,50,0,0,0.00579694,***
"DieID_Vboxlo_T","FabCode",15004,"Parametric","",***,***,"",5,5,5,0,***,***,***,50,0,0,0.00579694,***
"DieID_Vboxlo_T","MemoryRepair",15005,"Parametric","",***,***,"",0,0,0,0,***,***,***,50,0,0,0.00579694,***
"DieID_Vboxlo_T","CheckSum",15006,"Parametric","",***,***,"",114,232,176.6,37.7754,***,***,***,50,0,0,0.00579694,***
"DieID_Vboxlo_T","CheckSum_valid",15007,"Parametric","",1,1,"",1,1,1,0,***,***,***,50,0,0,0.00579694,***
"AtpgScanGrp1_Min_T","AtpgScan01_Min_T",743,"Parametric","",1,1,"",1,1,1,0,***,***,***,50,0,0,0.161733,***
"AtpgScanGrp2_Min_T","AtpgScan02_Min_T",745,"Parametric","",1,1,"",0,1,0.8,0.404061,-0.164992,-0.164992,0.164992,50,10,0,0.200468,***
"PeriFunc01_Min_T","PeriFunc01_Min_T",29200743,"Parametric","",1,1,"",0,1,0.75,0.438529,-0.190029,-0.190029,0.190029,40,10,0,0.0284627,***
"PeriFunc02_Min_T","PeriFunc02_Min_T",29210743,"Parametric","",1,1,"",1,1,1,0,***,***,***,30,0,0,0.0030727,***
"PeriFunc03_Min_T","PeriFunc03_Min_T",29220743,"Parametric","",1,1,"",1,1,1,0,***,***,***,30,0,0,0.011995,***
"McBSP_SRG_ExtClk_VMin_Sync__BCLKR_internal","BCLKR_internal",18002000,"Parametric","",0,1,"",0,0,0,0,***,***,***,30,0,0,0.0418272,***
"McBSP_SRG_ExtClk_VMin_Sync__BCLKX_internal","BCLKX_internal",18002002,"Parametric","",0,1,"",0,0,0,0,***,***,***,30,0,0,0.0306977,***
"PeriFunc05_Min_T","PeriFunc05_Min_T",29240743,"Parametric","",1,1,"",1,1,1,0,***,***,***,30,0,0,0.04498,***
"McBSP_SRG_VBUS_VMin_Sync__BCLKX_master","BCLKX_master",20002000,"Parametric","",0,1,"",1,1,1,0,***,***,***,30,0,0,0.0316865,***
"McBSP_SRG_VBUS_VMin_Sync__BCLKR_internal","BCLKR_internal",20012000,"Parametric","",0,1,"",1,1,1,0,***,***,***,30,0,0,0.0260874,***
"McBSP_SRG_VBUS_VMin_Sync__BCLKX_internal","BCLKX_internal",20022000,"Parametric","",0,1,"",1,1,1,0,***,***,***,30,0,0,0.0248919,***
"McBSP_SRG_VBUS_VMin_Sync__MGPIO_CLKOUT","MGPIO_CLKOUT",20032000,"Parametric","",0,1,"",1,1,1,0,***,***,***,30,0,0,0.0354644,***
"PeriFunc06_Min_T","PeriFunc06_Min_T",29250743,"Parametric","",1,1,"",1,1,1,0,***,***,***,30,0,0,0.0471838,***
"PeriFunc07_Min_T","PeriFunc07_Min_T",29260743,"Parametric","",1,1,"",1,1,1,0,***,***,***,30,0,0,0.0043447,***
"PeriFunc08_Min_T","PeriFunc08_Min_T",29270743,"Parametric","",1,1,"",1,1,1,0,***,***,***,30,0,0,0.0117796,***
"EMIF_VMin_Sync__ECLKOUT1_ASYNC","ECLKOUT1_ASYNC",19002000,"Parametric","",0,1,"",1,1,1,0,***,***,***,30,0,0,0.0238369,***
"EMIF_VMin_Sync__ECLKOUT1_SYNC","ECLKOUT1_SYNC",19012000,"Parametric","",0,1,"",1,1,1,0,***,***,***,30,0,0,0.0268881,***
"EMIF_VMin_Sync__ECLKOUT1_SDRAM","ECLKOUT1_SDRAM",19022000,"Parametric","",0,1,"",1,1,1,0,***,***,***,30,0,0,0.0266387,***
"EMIF_VMin_ARE_Sync__ARE_LATEST_ASYNC","ARE_LATEST_ASYNC",11002000,"Parametric","",0,1,"",1,1,1,0,***,***,***,30,0,0,0.0324498,***
"EMIF_VMin_ARE_Sync__ARE_EARLIEST_ASYNC","ARE_EARLIEST_ASYNC",11012000,"Parametric","",0,1,"",1,1,1,0,***,***,***,30,0,0,0.0330191,***
"PeriFunc09_Min_T","PeriFunc09_Min_T",29280743,"Parametric","",1,1,"",1,1,1,0,***,***,***,30,0,0,0.0317608,***
"Levels01_Min_T","Levels01_Min_T",29001743,"Parametric","",1,1,"",0,0,0,0,***,***,***,30,30,0,0.00579133,***
"Opens_T_Functional","Opens_T",7166,"Parametric","",1,1,"",0,1,0.5,0.508548,-0.327731,-0.327731,0.327731,30,15,0,0.0377902,***
"Opens_T_Functional","Opens_T",7167,"Parametric","",1,1,"",0,1,0.5,0.508548,-0.327731,-0.327731,0.327731,30,15,0,0.0377902,***
"Opens_T_Functional","Opens_T",7168,"Parametric","",1,1,"",0,1,0.5,0.508548,-0.327731,-0.327731,0.327731,30,15,0,0.0377902,***
"Opens_T_Functional","Opens_T",7169,"Parametric","",1,1,"",0,1,0.5,0.508548,-0.327731,-0.327731,0.327731,30,15,0,0.0377902,***
"Opens_T_Functional","Opens_T",7124,"Parametric","",1,1,"",0,1,0.5,0.508548,-0.327731,-0.327731,0.327731,30,15,0,0.0377902,***
"Opens_T_Functional","Opens_T",7125,"Parametric","",1,1,"",0,1,0.5,0.508548,-0.327731,-0.327731,0.327731,30,15,0,0.0377902,***
"Opens_T_Functional","Opens_T",7126,"Parametric","",1,1,"",0,1,0.5,0.508548,-0.327731,-0.327731,0.327731,30,15,0,0.0377902,***
"Opens_T_Functional","Opens_T",7133,"Parametric","",1,1,"",0,1,0.166667,0.379049,-0.732828,-0.732828,0.732828,30,25,0,0.0377902,***
"Opens_T_Functional","Opens_T",7130,"Parametric","",1,1,"",0,1,0.166667,0.379049,-0.732828,-0.732828,0.732828,30,25,0,0.0377902,***
"Opens_T_Functional","Opens_T",7179,"Parametric","",1,1,"",0,1,0.5,0.508548,-0.327731,-0.327731,0.327731,30,15,0,0.0377902,***
"Opens_T_Functional","Opens_T",7184,"Parametric","",1,1,"",0,1,0.5,0.508548,-0.327731,-0.327731,0.327731,30,15,0,0.0377902,***
"Opens_T_Functional","Opens_T",7178,"Parametric","",1,1,"",0,1,0.5,0.508548,-0.327731,-0.327731,0.327731,30,15,0,0.0377902,***
"Opens_T_Functional","Opens_T",7183,"Parametric","",1,1,"",0,1,0.5,0.508548,-0.327731,-0.327731,0.327731,30,15,0,0.0377902,***
"Opens_T_Functional","Opens_T",7171,"Parametric","",1,1,"",0,1,0.5,0.508548,-0.327731,-0.327731,0.327731,30,15,0,0.0377902,***
"Opens_T_Functional","Opens_T",7158,"Parametric","",1,1,"",0,1,0.5,0.508548,-0.327731,-0.327731,0.327731,30,15,0,0.0377902,***
"Opens_T_Functional","Opens_T",7165,"Parametric","",1,1,"",0,1,0.5,0.508548,-0.327731,-0.327731,0.327731,30,15,0,0.0377902,***
"Opens_T_Functional","Opens_T",7127,"Parametric","",1,1,"",0,1,0.5,0.508548,-0.327731,-0.327731,0.327731,30,15,0,0.0377902,***
"Opens_T_Functional","Opens_T",7128,"Parametric","",1,1,"",0,1,0.5,0.508548,-0.327731,-0.327731,0.327731,30,15,0,0.0377902,***
"Opens_T_Functional","Opens_T",7129,"Parametric","",1,1,"",0,1,0.5,0.508548,-0.327731,-0.327731,0.327731,30,15,0,0.0377902,***
"Opens_T_Functional","Opens_T",7087,"Parametric","",1,1,"",0,1,0.5,0.508548,-0.327731,-0.327731,0.327731,30,15,0,0.0377902,***
"Opens_T_Functional","Opens_T",7187,"Parametric","",1,1,"",0,1,0.5,0.508548,-0.327731,-0.327731,0.327731,30,15,0,0.0377902,***
"Opens_T_Functional","Opens_T",7185,"Parametric","",1,1,"",0,1,0.166667,0.379049,-0.732828,-0.732828,0.732828,30,25,0,0.0377902,***
"Opens_T_Functional","Opens_T",7132,"Parametric","",1,1,"",0,1,0.166667,0.379049,-0.732828,-0.732828,0.732828,30,25,0,0.0377902,***
"Opens_T_Functional","Opens_T",7131,"Parametric","",1,1,"",0,1,0.166667,0.379049,-0.732828,-0.732828,0.732828,30,25,0,0.0377902,***
"Opens_T_Functional","Opens_T",7180,"Parametric","",1,1,"",0,1,0.5,0.508548,-0.327731,-0.327731,0.327731,30,15,0,0.0377902,***
"Opens_T_Functional","Opens_T",7144,"Parametric","",1,1,"",0,1,0.5,0.508548,-0.327731,-0.327731,0.327731,30,15,0,0.0377902,***
"Opens_T_Functional","Opens_T",7143,"Parametric","",1,1,"",0,1,0.5,0.508548,-0.327731,-0.327731,0.327731,30,15,0,0.0377902,***
"Opens_T_Functional","Opens_T",7142,"Parametric","",1,1,"",0,1,0.5,0.508548,-0.327731,-0.327731,0.327731,30,15,0,0.0377902,***
"Opens_T_Functional","Opens_T",7141,"Parametric","",1,1,"",0,1,0.5,0.508548,-0.327731,-0.327731,0.327731,30,15,0,0.0377902,***
"Opens_T_Functional","Opens_T",7140,"Parametric","",1,1,"",0,1,0.5,0.508548,-0.327731,-0.327731,0.327731,30,15,0,0.0377902,***
"Opens_T_Functional","Opens_T",7181,"Parametric","",1,1,"",0,1,0.5,0.508548,-0.327731,-0.327731,0.327731,30,15,0,0.0377902,***
"Opens_T_Functional","Opens_T",7182,"Parametric","",1,1,"",0,1,0.5,0.508548,-0.327731,-0.327731,0.327731,30,15,0,0.0377902,***
"Opens_T_Functional","Opens_T",7170,"Parametric","",1,1,"",0,1,0.5,0.508548,-0.327731,-0.327731,0.327731,30,15,0,0.0377902,***
"Opens_T_Functional","Opens_T",7088,"Parametric","",1,1,"",0,1,0.5,0.508548,-0.327731,-0.327731,0.327731,30,15,0,0.0377902,***
"Opens_T_Functional","Opens_T",7136,"Parametric","",1,1,"",0,1,0.5,0.508548,-0.327731,-0.327731,0.327731,30,15,0,0.0377902,***
"Opens_T_Functional","Opens_T",7090,"Parametric","",1,1,"",0,1,0.5,0.508548,-0.327731,-0.327731,0.327731,30,15,0,0.0377902,***
"Opens_T_Functional","Opens_T",7138,"Parametric","",1,1,"",0,1,0.5,0.508548,-0.327731,-0.327731,0.327731,30,15,0,0.0377902,***
"Opens_T_Functional","Opens_T",7089,"Parametric","",1,1,"",0,1,0.5,0.508548,-0.327731,-0.327731,0.327731,30,15,0,0.0377902,***
"Opens_T_Functional","Opens_T",7137,"Parametric","",1,1,"",0,1,0.5,0.508548,-0.327731,-0.327731,0.327731,30,15,0,0.0377902,***
"Opens_T_Functional","Opens_T",7091,"Parametric","",1,1,"",0,1,0.5,0.508548,-0.327731,-0.327731,0.327731,30,15,0,0.0377902,***
"Opens_T_Functional","Opens_T",7139,"Parametric","",1,1,"",0,1,0.5,0.508548,-0.327731,-0.327731,0.327731,30,15,0,0.0377902,***
"Opens_T_Functional","Opens_T",7177,"Parametric","",1,1,"",0,1,0.5,0.508548,-0.327731,-0.327731,0.327731,30,15,0,0.0377902,***
"Opens_T_Functional","Opens_T",7176,"Parametric","",1,1,"",0,1,0.5,0.508548,-0.327731,-0.327731,0.327731,30,15,0,0.0377902,***
"Opens_T_Functional","Opens_T",7175,"Parametric","",1,1,"",0,1,0.5,0.508548,-0.327731,-0.327731,0.327731,30,15,0,0.0377902,***
"Opens_T_Functional","Opens_T",7174,"Parametric","",1,1,"",0,1,0.5,0.508548,-0.327731,-0.327731,0.327731,30,15,0,0.0377902,***
"Opens_T_Functional","Opens_T",7172,"Parametric","",1,1,"",0,1,0.5,0.508548,-0.327731,-0.327731,0.327731,30,15,0,0.0377902,***
"Opens_T_Functional","Opens_T",7173,"Parametric","",1,1,"",0,1,0.5,0.508548,-0.327731,-0.327731,0.327731,30,15,0,0.0377902,***
"Opens_T_Functional","Opens_T",7147,"Parametric","",1,1,"",0,1,0.5,0.508548,-0.327731,-0.327731,0.327731,30,15,0,0.0377902,***
"Opens_T_Functional","Opens_T",7146,"Parametric","",1,1,"",0,1,0.166667,0.379049,-0.732828,-0.732828,0.732828,30,25,0,0.0377902,***
"Opens_T_Functional","Opens_T",7161,"Parametric","",1,1,"",0,1,0.166667,0.379049,-0.732828,-0.732828,0.732828,30,25,0,0.0377902,***
"Opens_T_Functional","Opens_T",7149,"Parametric","",1,1,"",0,1,0.166667,0.379049,-0.732828,-0.732828,0.732828,30,25,0,0.0377902,***
"Opens_T_Functional","Opens_T",7148,"Parametric","",1,1,"",0,1,0.5,0.508548,-0.327731,-0.327731,0.327731,30,15,0,0.0377902,***
"Opens_T_Functional","Opens_T",7160,"Parametric","",1,1,"",0,1,0.5,0.508548,-0.327731,-0.327731,0.327731,30,15,0,0.0377902,***
"Opens_T_Functional","Opens_T",7163,"Parametric","",1,1,"",0,1,0.5,0.508548,-0.327731,-0.327731,0.327731,30,15,0,0.0377902,***
"Opens_T_Functional","Opens_T",7162,"Parametric","",1,1,"",0,1,0.5,0.508548,-0.327731,-0.327731,0.327731,30,15,0,0.0377902,***
"Opens_T_Functional","Opens_T",7159,"Parametric","",1,1,"",0,1,0.5,0.508548,-0.327731,-0.327731,0.327731,30,15,0,0.0377902,***
"Opens_T_Functional","Opens_T",7078,"Parametric","",1,1,"",0,1,0.5,0.508548,-0.327731,-0.327731,0.327731,30,15,0,0.0377902,***
"Opens_T_Functional","Opens_T",7077,"Parametric","",1,1,"",0,1,0.5,0.508548,-0.327731,-0.327731,0.327731,30,15,0,0.0377902,***
"Opens_T_Functional","Opens_T",7164,"Parametric","",1,1,"",0,1,0.5,0.508548,-0.327731,-0.327731,0.327731,30,15,0,0.0377902,***
"Opens_T_Functional","Opens_T",7186,"Parametric","",1,1,"",0,1,0.166667,0.379049,-0.732828,-0.732828,0.732828,30,25,0,0.0377902,***
"Opens_T_Functional","Opens_T",7076,"Parametric","",1,1,"",0,1,0.166667,0.379049,-0.732828,-0.732828,0.732828,30,25,0,0.0377902,***
"Opens_T_Functional","Opens_T",7075,"Parametric","",1,1,"",0,1,0.166667,0.379049,-0.732828,-0.732828,0.732828,30,25,0,0.0377902,***
"Opens_T_Functional","Opens_T",7074,"Parametric","",1,1,"",0,1,0.166667,0.379049,-0.732828,-0.732828,0.732828,30,25,0,0.0377902,***
"Opens_T_Functional","Opens_T",7073,"Parametric","",1,1,"",0,1,0.166667,0.379049,-0.732828,-0.732828,0.732828,30,25,0,0.0377902,***
"Opens_T_Functional","Opens_T",7086,"Parametric","",1,1,"",0,1,0.166667,0.379049,-0.732828,-0.732828,0.732828,30,25,0,0.0377902,***
"Opens_T_Functional","Opens_T",7085,"Parametric","",1,1,"",0,1,0.166667,0.379049,-0.732828,-0.732828,0.732828,30,25,0,0.0377902,***
"Opens_T_Functional","Opens_T",7084,"Parametric","",1,1,"",0,1,0.166667,0.379049,-0.732828,-0.732828,0.732828,30,25,0,0.0377902,***
"Opens_T_Functional","Opens_T",7083,"Parametric","",1,1,"",0,1,0.166667,0.379049,-0.732828,-0.732828,0.732828,30,25,0,0.0377902,***
"Opens_T_Functional","Opens_T",7082,"Parametric","",1,1,"",0,1,0.166667,0.379049,-0.732828,-0.732828,0.732828,30,25,0,0.0377902,***
"Opens_T_Functional","Opens_T",7081,"Parametric","",1,1,"",0,1,0.166667,0.379049,-0.732828,-0.732828,0.732828,30,25,0,0.0377902,***
"Opens_T_Functional","Opens_T",7080,"Parametric","",1,1,"",0,1,0.166667,0.379049,-0.732828,-0.732828,0.732828,30,25,0,0.0377902,***
"Opens_T_Functional","Opens_T",7079,"Parametric","",1,1,"",0,1,0.166667,0.379049,-0.732828,-0.732828,0.732828,30,25,0,0.0377902,***
"Opens_T_Functional","Opens_T",7072,"Parametric","",1,1,"",0,1,0.166667,0.379049,-0.732828,-0.732828,0.732828,30,25,0,0.0377902,***
"Opens_T_Functional","Opens_T",7071,"Parametric","",1,1,"",0,1,0.166667,0.379049,-0.732828,-0.732828,0.732828,30,25,0,0.0377902,***
"Opens_T_Functional","Opens_T",7062,"Parametric","",1,1,"",0,1,0.166667,0.379049,-0.732828,-0.732828,0.732828,30,25,0,0.0377902,***
"Opens_T_Functional","Opens_T",7061,"Parametric","",1,1,"",0,1,0.166667,0.379049,-0.732828,-0.732828,0.732828,30,25,0,0.0377902,***
"Opens_T_Functional","Opens_T",7060,"Parametric","",1,1,"",0,1,0.166667,0.379049,-0.732828,-0.732828,0.732828,30,25,0,0.0377902,***
"Opens_T_Functional","Opens_T",7059,"Parametric","",1,1,"",0,1,0.166667,0.379049,-0.732828,-0.732828,0.732828,30,25,0,0.0377902,***
"Opens_T_Functional","Opens_T",7058,"Parametric","",1,1,"",0,1,0.166667,0.379049,-0.732828,-0.732828,0.732828,30,25,0,0.0377902,***
"Opens_T_Functional","Opens_T",7057,"Parametric","",1,1,"",0,1,0.166667,0.379049,-0.732828,-0.732828,0.732828,30,25,0,0.0377902,***
"Opens_T_Functional","Opens_T",7056,"Parametric","",1,1,"",0,1,0.166667,0.379049,-0.732828,-0.732828,0.732828,30,25,0,0.0377902,***
"Opens_T_Functional","Opens_T",7055,"Parametric","",1,1,"",0,1,0.166667,0.379049,-0.732828,-0.732828,0.732828,30,25,0,0.0377902,***
"Opens_T_Functional","Opens_T",7054,"Parametric","",1,1,"",0,1,0.166667,0.379049,-0.732828,-0.732828,0.732828,30,25,0,0.0377902,***
"Opens_T_Functional","Opens_T",7053,"Parametric","",1,1,"",0,1,0.166667,0.379049,-0.732828,-0.732828,0.732828,30,25,0,0.0377902,***
"Opens_T_Functional","Opens_T",7070,"Parametric","",1,1,"",0,1,0.166667,0.379049,-0.732828,-0.732828,0.732828,30,25,0,0.0377902,***
"Opens_T_Functional","Opens_T",7069,"Parametric","",1,1,"",0,1,0.166667,0.379049,-0.732828,-0.732828,0.732828,30,25,0,0.0377902,***
"Opens_T_Functional","Opens_T",7068,"Parametric","",1,1,"",0,1,0.166667,0.379049,-0.732828,-0.732828,0.732828,30,25,0,0.0377902,***
"Opens_T_Functional","Opens_T",7067,"Parametric","",1,1,"",0,1,0.166667,0.379049,-0.732828,-0.732828,0.732828,30,25,0,0.0377902,***
"Opens_T_Functional","Opens_T",7066,"Parametric","",1,1,"",0,1,0.166667,0.379049,-0.732828,-0.732828,0.732828,30,25,0,0.0377902,***
"Opens_T_Functional","Opens_T",7065,"Parametric","",1,1,"",0,1,0.166667,0.379049,-0.732828,-0.732828,0.732828,30,25,0,0.0377902,***
"Opens_T_Functional","Opens_T",7064,"Parametric","",1,1,"",0,1,0.166667,0.379049,-0.732828,-0.732828,0.732828,30,25,0,0.0377902,***
"Opens_T_Functional","Opens_T",7063,"Parametric","",1,1,"",0,1,0.166667,0.379049,-0.732828,-0.732828,0.732828,30,25,0,0.0377902,***
"Opens_T_Functional","Opens_T",7052,"Parametric","",1,1,"",0,1,0.166667,0.379049,-0.732828,-0.732828,0.732828,30,25,0,0.0377902,***
"Opens_T_Functional","Opens_T",7051,"Parametric","",1,1,"",0,1,0.166667,0.379049,-0.732828,-0.732828,0.732828,30,25,0,0.0377902,***
"Opens_T_Functional","Opens_T",7117,"Parametric","",1,1,"",0,1,0.166667,0.379049,-0.732828,-0.732828,0.732828,30,25,0,0.0377902,***
"Opens_T_Functional","Opens_T",7116,"Parametric","",1,1,"",0,1,0.166667,0.379049,-0.732828,-0.732828,0.732828,30,25,0,0.0377902,***
"Opens_T_Functional","Opens_T",7114,"Parametric","",1,1,"",0,1,0.166667,0.379049,-0.732828,-0.732828,0.732828,30,25,0,0.0377902,***
"Opens_T_Functional","Opens_T",7113,"Parametric","",1,1,"",0,1,0.166667,0.379049,-0.732828,-0.732828,0.732828,30,25,0,0.0377902,***
"Opens_T_Functional","Opens_T",7112,"Parametric","",1,1,"",0,1,0.166667,0.379049,-0.732828,-0.732828,0.732828,30,25,0,0.0377902,***
"Opens_T_Functional","Opens_T",7111,"Parametric","",1,1,"",0,1,0.166667,0.379049,-0.732828,-0.732828,0.732828,30,25,0,0.0377902,***
"Opens_T_Functional","Opens_T",7110,"Parametric","",1,1,"",0,1,0.166667,0.379049,-0.732828,-0.732828,0.732828,30,25,0,0.0377902,***
"Opens_T_Functional","Opens_T",7109,"Parametric","",1,1,"",0,1,0.166667,0.379049,-0.732828,-0.732828,0.732828,30,25,0,0.0377902,***
"Opens_T_Functional","Opens_T",7108,"Parametric","",1,1,"",0,1,0.166667,0.379049,-0.732828,-0.732828,0.732828,30,25,0,0.0377902,***
"Opens_T_Functional","Opens_T",7107,"Parametric","",1,1,"",0,1,0.166667,0.379049,-0.732828,-0.732828,0.732828,30,25,0,0.0377902,***
"Opens_T_Functional","Opens_T",7106,"Parametric","",1,1,"",0,1,0.166667,0.379049,-0.732828,-0.732828,0.732828,30,25,0,0.0377902,***
"Opens_T_Functional","Opens_T",7105,"Parametric","",1,1,"",0,1,0.166667,0.379049,-0.732828,-0.732828,0.732828,30,25,0,0.0377902,***
"Opens_T_Functional","Opens_T",7103,"Parametric","",1,1,"",0,1,0.166667,0.379049,-0.732828,-0.732828,0.732828,30,25,0,0.0377902,***
"Opens_T_Functional","Opens_T",7102,"Parametric","",1,1,"",0,1,0.166667,0.379049,-0.732828,-0.732828,0.732828,30,25,0,0.0377902,***
"Opens_T_Functional","Opens_T",7101,"Parametric","",1,1,"",0,0,0,0,***,***,***,30,30,0,0.0377902,***
"Opens_T_Functional","Opens_T",7100,"Parametric","",1,1,"",0,0,0,0,***,***,***,30,30,0,0.0377902,***
"Opens_T_Functional","Opens_T",7099,"Parametric","",1,1,"",0,1,0.333333,0.479463,-0.463481,-0.463481,0.463481,30,20,0,0.0377902,***
"Opens_T_Functional","Opens_T",7098,"Parametric","",1,1,"",0,1,0.333333,0.479463,-0.463481,-0.463481,0.463481,30,20,0,0.0377902,***
"Opens_T_Functional","Opens_T",7097,"Parametric","",1,1,"",0,1,0.5,0.508548,-0.327731,-0.327731,0.327731,30,15,0,0.0377902,***
"Opens_T_Functional","Opens_T",7096,"Parametric","",1,1,"",0,1,0.5,0.508548,-0.327731,-0.327731,0.327731,30,15,0,0.0377902,***
"Opens_T_Functional","Opens_T",7095,"Parametric","",1,1,"",0,1,0.333333,0.479463,-0.463481,-0.463481,0.463481,30,20,0,0.0377902,***
"Opens_T_Functional","Opens_T",7094,"Parametric","",1,1,"",0,1,0.5,0.508548,-0.327731,-0.327731,0.327731,30,15,0,0.0377902,***
"Opens_T_Functional","Opens_T",7123,"Parametric","",1,1,"",0,1,0.5,0.508548,-0.327731,-0.327731,0.327731,30,15,0,0.0377902,***
"Opens_T_Functional","Opens_T",7122,"Parametric","",1,1,"",0,1,0.5,0.508548,-0.327731,-0.327731,0.327731,30,15,0,0.0377902,***
"Opens_T_Functional","Opens_T",7121,"Parametric","",1,1,"",0,1,0.5,0.508548,-0.327731,-0.327731,0.327731,30,15,0,0.0377902,***
"Opens_T_Functional","Opens_T",7120,"Parametric","",1,1,"",0,1,0.5,0.508548,-0.327731,-0.327731,0.327731,30,15,0,0.0377902,***
"Opens_T_Functional","Opens_T",7119,"Parametric","",1,1,"",0,1,0.5,0.508548,-0.327731,-0.327731,0.327731,30,15,0,0.0377902,***
"Opens_T_Functional","Opens_T",7118,"Parametric","",1,1,"",0,1,0.5,0.508548,-0.327731,-0.327731,0.327731,30,15,0,0.0377902,***
"Opens_T_Functional","Opens_T",7115,"Parametric","",1,1,"",0,1,0.5,0.508548,-0.327731,-0.327731,0.327731,30,15,0,0.0377902,***
"Opens_T_Functional","Opens_T",7104,"Parametric","",1,1,"",0,1,0.5,0.508548,-0.327731,-0.327731,0.327731,30,15,0,0.0377902,***
"Opens_T_Functional","Opens_T",7093,"Parametric","",1,1,"",0,1,0.5,0.508548,-0.327731,-0.327731,0.327731,30,15,0,0.0377902,***
"Opens_T_Functional","Opens_T",7092,"Parametric","",1,1,"",0,1,0.5,0.508548,-0.327731,-0.327731,0.327731,30,15,0,0.0377902,***
"Opens_T_Functional","Opens_T",7135,"Parametric","",1,1,"",0,1,0.5,0.508548,-0.327731,-0.327731,0.327731,30,15,0,0.0377902,***
"Opens_T_Functional","Opens_T",7134,"Parametric","",1,1,"",0,1,0.5,0.508548,-0.327731,-0.327731,0.327731,30,15,0,0.0377902,***
"Opens_T_Functional","Opens_T",7157,"Parametric","",1,1,"",0,1,0.5,0.508548,-0.327731,-0.327731,0.327731,30,15,0,0.0377902,***
"Opens_T_Functional","Opens_T",7156,"Parametric","",1,1,"",0,1,0.5,0.508548,-0.327731,-0.327731,0.327731,30,15,0,0.0377902,***
"Opens_T_Functional","Opens_T",7155,"Parametric","",1,1,"",0,1,0.5,0.508548,-0.327731,-0.327731,0.327731,30,15,0,0.0377902,***
"Opens_T_Functional","Opens_T",7154,"Parametric","",1,1,"",0,1,0.5,0.508548,-0.327731,-0.327731,0.327731,30,15,0,0.0377902,***
"Opens_T_Functional","Opens_T",7153,"Parametric","",1,1,"",0,1,0.5,0.508548,-0.327731,-0.327731,0.327731,30,15,0,0.0377902,***
"Opens_T_Functional","Opens_T",7152,"Parametric","",1,1,"",0,1,0.5,0.508548,-0.327731,-0.327731,0.327731,30,15,0,0.0377902,***
"Opens_T_Functional","Opens_T",7151,"Parametric","",1,1,"",0,1,0.5,0.508548,-0.327731,-0.327731,0.327731,30,15,0,0.0377902,***
"Opens_T_Functional","Opens_T",7150,"Parametric","",1,1,"",0,1,0.5,0.508548,-0.327731,-0.327731,0.327731,30,15,0,0.0377902,***
"Opens_T_Functional","Opens_T",7145,"Parametric","",1,1,"",0,1,0.683333,0.469102,-0.225016,-0.225016,0.225016,60,19,0,0.0368301,***
"Opens_T","Opens_T_Parametric",8052,"Parametric","",-1,-0.3,"V",-1.50393,-0.533352,-1.34039,0.36702,-0.309149,-0.309149,0.944899,30,25,0,0.0856267,***
"Opens_T","Opens_T_Parametric",8053,"Parametric","",-1,-0.3,"V",-1.50291,-0.534407,-1.34016,0.36643,-0.309436,-0.309436,0.94621,30,25,0,0.0856267,***
"Opens_T","Opens_T_Parametric",8054,"Parametric","",-1,-0.3,"V",-1.50035,-0.532386,-1.33753,0.366195,-0.307239,-0.307239,0.944422,30,25,0,0.0856267,***
"Opens_T","Opens_T_Parametric",8055,"Parametric","",-1,-0.3,"V",-1.50004,-0.533235,-1.33868,0.366339,-0.308169,-0.308169,0.945101,30,25,0,0.0856267,***
"Opens_T","Opens_T_Parametric",8056,"Parametric","",-1,-0.3,"V",-1.5004,-0.532799,-1.33821,0.366294,-0.30778,-0.30778,0.944791,30,25,0,0.0856267,***
"Opens_T","Opens_T_Parametric",8057,"Parametric","",-1,-0.3,"V",-1.50454,-0.533011,-1.34073,0.36736,-0.30917,-0.30917,0.944333,30,25,0,0.0856267,***
"Opens_T","Opens_T_Parametric",8058,"Parametric","",-1,-0.3,"V",-1.4994,-0.533482,-1.33773,0.365782,-0.307766,-0.307766,0.945668,30,25,0,0.0856267,***
"Opens_T","Opens_T_Parametric",8059,"Parametric","",-1,-0.3,"V",-1.50164,-0.533125,-1.3401,0.36703,-0.308878,-0.308878,0.944612,30,25,0,0.0856267,***
"Opens_T","Opens_T_Parametric",8060,"Parametric","",-1,-0.3,"V",-1.50051,-0.533523,-1.33917,0.366445,-0.308522,-0.308522,0.945271,30,25,0,0.0856267,***
"Opens_T","Opens_T_Parametric",8061,"Parametric","",-1,-0.3,"V",-1.50166,-0.533099,-1.34011,0.367024,-0.308889,-0.308889,0.944633,30,25,0,0.0856267,***
"Opens_T","Opens_T_Parametric",8062,"Parametric","",-1,-0.3,"V",-1.50618,-0.533918,-1.34132,0.367191,-0.309849,-0.309849,0.945305,30,25,0,0.0856267,***
"Opens_T","Opens_T_Parametric",8063,"Parametric","",-1,-0.3,"V",-1.50071,-0.535965,-1.33963,0.365538,-0.309707,-0.309707,0.948035,30,25,0,0.0856267,***
"Opens_T","Opens_T_Parametric",8064,"Parametric","",-1,-0.3,"V",-1.50233,-0.53369,-1.34061,0.367018,-0.309347,-0.309347,0.945101,30,25,0,0.0856267,***
"Opens_T","Opens_T_Parametric",8065,"Parametric","",-1,-0.3,"V",-1.50214,-0.532651,-1.33982,0.367121,-0.308542,-0.308542,0.944118,30,25,0,0.0856267,***
"Opens_T","Opens_T_Parametric",8066,"Parametric","",-1,-0.3,"V",-1.49792,-0.534783,-1.33686,0.364765,-0.307833,-0.307833,0.947514,30,25,0,0.0856267,***
"Opens_T","Opens_T_Parametric",8067,"Parametric","",-1,-0.3,"V",-1.5039,-0.533887,-1.34099,0.367107,-0.309622,-0.309622,0.945222,30,25,0,0.0856267,***
"Opens_T","Opens_T_Parametric",8068,"Parametric","",-1,-0.3,"V",-1.50398,-0.534065,-1.34128,0.36712,-0.309873,-0.309873,0.94545,30,25,0,0.0856267,***
"Opens_T","Opens_T_Parametric",8069,"Parametric","",-1,-0.3,"V",-1.50474,-0.534899,-1.34139,0.366808,-0.310233,-0.310233,0.94635,30,25,0,0.0856267,***
"Opens_T","Opens_T_Parametric",8070,"Parametric","",-1,-0.3,"V",-1.50303,-0.534293,-1.3414,0.367092,-0.31,-0.31,0.945627,30,25,0,0.0856267,***
"Opens_T","Opens_T_Parametric",8071,"Parametric","",-1,-0.3,"V",-1.49973,-0.532977,-1.33836,0.366306,-0.307906,-0.307906,0.944896,30,25,0,0.0856267,***
"Opens_T","Opens_T_Parametric",8072,"Parametric","",-1,-0.3,"V",-1.50261,-0.536987,-1.34116,0.365743,-0.310926,-0.310926,0.948897,30,25,0,0.0856267,***
"Opens_T","Opens_T_Parametric",8073,"Parametric","",-1,-0.3,"V",-1.50206,-0.53642,-1.34089,0.365901,-0.310551,-0.310551,0.948246,30,25,0,0.0856267,***
"Opens_T","Opens_T_Parametric",8074,"Parametric","",-1,-0.3,"V",-1.50332,-0.536888,-1.34017,0.365356,-0.310359,-0.310359,0.949006,30,25,0,0.0856267,***
"Opens_T","Opens_T_Parametric",8075,"Parametric","",-1,-0.3,"V",-1.50319,-0.53743,-1.3406,0.365304,-0.310787,-0.310787,0.949525,30,25,0,0.0856267,***
"Opens_T","Opens_T_Parametric",8076,"Parametric","",-1,-0.3,"V",-1.50269,-0.536577,-1.34135,0.366036,-0.31085,-0.31085,0.94831,30,25,0,0.0856267,***
"Opens_T","Opens_T_Parametric",8077,"Parametric","",-1,-0.3,"V",-1.50244,-0.534529,-1.34081,0.366727,-0.309774,-0.309774,0.946032,30,25,0,0.0856267,***
"Opens_T","Opens_T_Parametric",8078,"Parametric","",-1,-0.3,"V",-1.50083,-0.534142,-1.01742,0.490457,-0.0118424,-0.0118424,0.487589,30,15,0,0.0856267,***
"Opens_T","Opens_T_Parametric",8079,"Parametric","",-1,-0.3,"V",-1.50144,-0.532735,-1.01729,0.491762,-0.0117208,-0.0117208,0.486205,30,15,0,0.0856267,***
"Opens_T","Opens_T_Parametric",8080,"Parametric","",-1,-0.3,"V",-1.50063,-0.533277,-1.33849,0.366207,-0.308104,-0.308104,0.945266,30,25,0,0.0856267,***
"Opens_T","Opens_T_Parametric",8081,"Parametric","",-1,-0.3,"V",-1.50373,-0.532595,-1.34048,0.367452,-0.308865,-0.308865,0.943869,30,25,0,0.0856267,***
"Opens_T","Opens_T_Parametric",8082,"Parametric","",-1,-0.3,"V",-1.50052,-0.533611,-1.33917,0.366389,-0.308569,-0.308569,0.945414,30,25,0,0.0856267,***
"Opens_T","Opens_T_Parametric",8083,"Parametric","",-1,-0.3,"V",-1.50189,-0.534259,-1.34022,0.366547,-0.309392,-0.309392,0.945964,30,25,0,0.0856267,***
"Opens_T","Opens_T_Parametric",8084,"Parametric","",-1,-0.3,"V",-1.50285,-0.534001,-1.34043,0.366782,-0.309386,-0.309386,0.94555,30,25,0,0.0856267,***
"Opens_T","Opens_T_Parametric",8085,"Parametric","",-1,-0.3,"V",-1.50138,-0.534487,-1.33891,0.365862,-0.308773,-0.308773,0.946536,30,25,0,0.0856267,***
"Opens_T","Opens_T_Parametric",8086,"Parametric","",-1,-0.3,"V",-1.50054,-0.536496,-1.3394,0.365158,-0.309824,-0.309824,0.948816,30,25,0,0.0856267,***
"Opens_T","Opens_T_Parametric",8087,"Parametric","",-1,-0.3,"V",-1.5032,-0.536831,-1.34198,0.366197,-0.311287,-0.311287,0.948467,30,25,0,0.0856267,***
"Opens_T","Opens_T_Parametric",8088,"Parametric","",-1,-0.3,"V",-1.50433,-0.52942,-1.01702,0.494439,-0.0114714,-0.0114714,0.483387,30,15,0,0.0856267,***
"Opens_T","Opens_T_Parametric",8089,"Parametric","",-1,-0.3,"V",-1.50491,-0.533482,-1.01862,0.492549,-0.0126044,-0.0126044,0.486331,30,15,0,0.0856267,***
"Opens_T","Opens_T_Parametric",8090,"Parametric","",-1,-0.3,"V",-1.50308,-0.535397,-1.01863,0.491047,-0.0126483,-0.0126483,0.487824,30,15,0,0.0856267,***
"Opens_T","Opens_T_Parametric",8091,"Parametric","",-1,-0.3,"V",-1.50237,-0.533022,-1.01722,0.491897,-0.0116714,-0.0116714,0.486025,30,15,0,0.0856267,***
"Opens_T","Opens_T_Parametric",8092,"Parametric","",-1,-0.3,"V",-1.50207,-0.532537,-1.01722,0.492246,-0.0116623,-0.0116623,0.48568,30,15,0,0.0856267,***
"Opens_T","Opens_T_Parametric",8093,"Parametric","",-1,-0.3,"V",-1.50143,-0.533766,-1.01702,0.490332,-0.011573,-0.011573,0.487441,30,15,0,0.0856267,***
"Opens_T","Opens_T_Parametric",8094,"Parametric","",-1,-0.3,"V",-1.50304,-0.535597,-1.01943,0.490768,-0.0131942,-0.0131942,0.488639,30,15,0,0.0856267,***
"Opens_T","Opens_T_Parametric",8095,"Parametric","",-1,-0.3,"V",-1.50381,-0.534475,-1.01868,0.491217,-0.0126734,-0.0126734,0.487684,30,15,0,0.0856267,***
"Opens_T","Opens_T_Parametric",8096,"Parametric","",-1,-0.3,"V",-1.50102,-0.535097,-1.17803,0.46227,-0.128371,-0.128371,0.633127,30,20,0,0.0856267,***
"Opens_T","Opens_T_Parametric",8097,"Parametric","",-1,-0.3,"V",-1.50254,-0.536162,-1.01957,0.490616,-0.0132961,-0.0132961,0.488889,30,15,0,0.0856267,***
"Opens_T","Opens_T_Parametric",8098,"Parametric","",-1,-0.3,"V",-1.5022,-0.536575,-1.01944,0.490642,-0.0132094,-0.0132094,0.488777,30,15,0,0.0856267,***
"Opens_T","Opens_T_Parametric",8099,"Parametric","",-1,-0.3,"V",-1.50433,-0.536733,-1.17892,0.46167,-0.129183,-0.129183,0.634595,30,20,0,0.0856267,***
"Opens_T","Opens_T_Parametric",8100,"Parametric","",-1,-0.3,"V",-1.50415,-0.534543,-1.17929,0.463584,-0.128914,-0.128914,0.632239,30,20,0,0.0856267,***
"Opens_T","Opens_T_Parametric",8101,"Parametric","",-1,-0.3,"V",-1.50436,-1.49841,-1.50124,0.00280659,-59.5314,-59.5314,142.669,30,30,0,0.0856267,***
"Opens_T","Opens_T_Parametric",8102,"Parametric","",-1,-0.3,"V",-1.50122,-1.50091,-1.50107,9.37587e-05,-1781.4,-1781.4,4270.06,30,30,0,0.0856267,***
"Opens_T","Opens_T_Parametric",8103,"Parametric","",-1,-0.3,"V",-1.50416,-0.534228,-1.34207,0.367406,-0.310344,-0.310344,0.945427,30,25,0,0.0856267,***
"Opens_T","Opens_T_Parametric",8104,"Parametric","",-1,-0.3,"V",-1.50217,-0.535414,-1.34016,0.366002,-0.309801,-0.309801,0.94732,30,25,0,0.0856267,***
"Opens_T","Opens_T_Parametric",8105,"Parametric","",-1,-0.3,"V",-1.49984,-0.535438,-1.01828,0.489667,-0.0124448,-0.0124448,0.488959,30,15,0,0.0856267,***
"Opens_T","Opens_T_Parametric",8106,"Parametric","",-1,-0.3,"V",-1.49971,-0.536787,-1.33806,0.364438,-0.309207,-0.309207,0.949461,30,25,0,0.0856267,***
"Opens_T","Opens_T_Parametric",8107,"Parametric","",-1,-0.3,"V",-1.50199,-0.537443,-1.34079,0.365362,-0.310913,-0.310913,0.949549,30,25,0,0.0856267,***
"Opens_T","Opens_T_Parametric",8108,"Parametric","",-1,-0.3,"V",-1.50478,-0.536844,-1.34182,0.366137,-0.311194,-0.311194,0.948478,30,25,0,0.0856267,***
"Opens_T","Opens_T_Parametric",8109,"Parametric","",-1,-0.3,"V",-1.49961,-0.535354,-1.33823,0.365168,-0.308741,-0.308741,0.947715,30,25,0,0.0856267,***
"Opens_T","Opens_T_Parametric",8110,"Parametric","",-1,-0.3,"V",-1.50229,-0.534827,-1.33996,0.366183,-0.309462,-0.309462,0.946667,30,25,0,0.0856267,***
"Opens_T","Opens_T_Parametric",8111,"Parametric","",-1,-0.3,"V",-1.50326,-0.534186,-1.3413,0.367072,-0.309931,-0.309931,0.945592,30,25,0,0.0856267,***
"Opens_T","Opens_T_Parametric",8112,"Parametric","",-1,-0.3,"V",-1.50282,-0.533985,-1.34088,0.366987,-0.30962,-0.30962,0.945428,30,25,0,0.0856267,***
"Opens_T","Opens_T_Parametric",8113,"Parametric","",-1,-0.3,"V",-1.50109,-0.536218,-1.33937,0.365282,-0.309689,-0.309689,0.948466,30,25,0,0.0856267,***
"Opens_T","Opens_T_Parametric",8114,"Parametric","",-1,-0.3,"V",-1.501,-0.534103,-1.33952,0.366313,-0.308949,-0.308949,0.945927,30,25,0,0.0856267,***
"Opens_T","Opens_T_Parametric",8115,"Parametric","",-1,-0.3,"V",-1.50139,-0.534383,-1.33984,0.366319,-0.309242,-0.309242,0.946209,30,25,0,0.0856267,***
"Opens_T","Opens_T_Parametric",8116,"Parametric","",-1,-0.3,"V",-1.50405,-0.533618,-1.0192,0.492325,-0.0129966,-0.0129966,0.486938,30,15,0,0.0856267,***
"Opens_T","Opens_T_Parametric",8117,"Parametric","",-1,-0.3,"V",-1.50417,-0.536218,-1.3411,0.36609,-0.310579,-0.310579,0.947945,30,25,0,0.0856267,***
"Opens_T","Opens_T_Parametric",8118,"Parametric","",-1,-0.3,"V",-1.5032,-0.533705,-1.34054,0.366933,-0.309353,-0.309353,0.945254,30,25,0,0.0856267,***
"Opens_T","Opens_T_Parametric",8119,"Parametric","",-1,-0.3,"V",-1.50199,-0.533098,-1.0173,0.491325,-0.0117357,-0.0117357,0.486642,30,15,0,0.0856267,***
"Opens_T","Opens_T_Parametric",8120,"Parametric","",-1,-0.3,"V",-1.50237,-0.535309,-1.01927,0.491048,-0.0130838,-0.0130838,0.488258,30,15,0,0.0856267,***
"Opens_T","Opens_T_Parametric",8121,"Parametric","",-1,-0.3,"V",-1.50271,-0.533391,-1.0181,0.491757,-0.0122713,-0.0122713,0.48676,30,15,0,0.0856267,***
"Opens_T","Opens_T_Parametric",8122,"Parametric","",-1,-0.3,"V",-1.50203,-0.533865,-1.01819,0.491439,-0.0123352,-0.0123352,0.487131,30,15,0,0.0856267,***
"Opens_T","Opens_T_Parametric",8123,"Parametric","",-1,-0.3,"V",-1.50286,-0.53396,-1.01887,0.491766,-0.0127879,-0.0127879,0.487268,30,15,0,0.0856267,***
"Opens_T","Opens_T_Parametric",8124,"Parametric","",-1,-0.3,"V",-1.50265,-0.534929,-1.01878,0.491225,-0.0127435,-0.0127435,0.487747,30,15,0,0.0856267,***
"Opens_T","Opens_T_Parametric",8125,"Parametric","",-1,-0.3,"V",-1.50223,-0.53686,-1.01996,0.490267,-0.0135737,-0.0135737,0.489505,30,15,0,0.0856267,***
"Opens_T","Opens_T_Parametric",8126,"Parametric","",-1,-0.3,"V",-1.50099,-0.535878,-1.01806,0.489951,-0.0122885,-0.0122885,0.488526,30,15,0,0.0856267,***
"Opens_T","Opens_T_Parametric",8127,"Parametric","",-1,-0.3,"V",-1.50378,-0.535881,-1.01934,0.490775,-0.0131356,-0.0131356,0.488574,30,15,0,0.0856267,***
"Opens_T","Opens_T_Parametric",8128,"Parametric","",-1,-0.3,"V",-1.5006,-0.536674,-1.01883,0.489699,-0.0128199,-0.0128199,0.489303,30,15,0,0.0856267,***
"Opens_T","Opens_T_Parametric",8129,"Parametric","",-1,-0.3,"V",-1.5026,-0.537233,-1.01987,0.490442,-0.0135068,-0.0135068,0.489268,30,15,0,0.0856267,***
"Opens_T","Opens_T_Parametric",8130,"Parametric","",-1,-0.3,"V",-1.50258,-0.536181,-1.01933,0.490725,-0.01313,-0.01313,0.488617,30,15,0,0.0856267,***
"Opens_T","Opens_T_Parametric",8131,"Parametric","",-1,-0.3,"V",-1.50115,-0.536091,-1.33997,0.365621,-0.309949,-0.309949,0.948132,30,25,0,0.0856267,***
"Opens_T","Opens_T_Parametric",8132,"Parametric","",-1,-0.3,"V",-1.50241,-0.536846,-1.34113,0.365805,-0.310849,-0.310849,0.948712,30,25,0,0.0856267,***
"Opens_T","Opens_T_Parametric",8133,"Parametric","",-1,-0.3,"V",-1.50273,-0.540073,-1.34038,0.364011,-0.311697,-0.311697,0.952702,30,25,0,0.0856267,***
"Opens_T","Opens_T_Parametric",8134,"Parametric","",-1,-0.3,"V",-1.49996,-0.536235,-1.33895,0.365124,-0.309441,-0.309441,0.948494,30,25,0,0.0856267,***
"Opens_T","Opens_T_Parametric",8135,"Parametric","",-1,-0.3,"V",-1.50424,-0.534465,-1.01922,0.491812,-0.013028,-0.013028,0.487464,30,15,0,0.0856267,***
"Opens_T","Opens_T_Parametric",8136,"Parametric","",-1,-0.3,"V",-1.50589,-0.532757,-1.01833,0.492687,-0.0124046,-0.0124046,0.485998,30,15,0,0.0856267,***
"Opens_T","Opens_T_Parametric",8137,"Parametric","",-1,-0.3,"V",-1.50292,-0.535483,-1.01889,0.491061,-0.0128205,-0.0128205,0.487982,30,15,0,0.0856267,***
"Opens_T","Opens_T_Parametric",8138,"Parametric","",-1,-0.3,"V",-1.50159,-0.532997,-1.01647,0.491106,-0.0111822,-0.0111822,0.4863,30,15,0,0.0856267,***
"Opens_T","Opens_T_Parametric",8139,"Parametric","",-1,-0.3,"V",-1.50094,-0.535468,-1.01814,0.490417,-0.0123299,-0.0123299,0.488116,30,15,0,0.0856267,***
"Opens_T","Opens_T_Parametric",8140,"Parametric","",-1,-0.3,"V",-1.50291,-0.532343,-1.01705,0.492169,-0.0115501,-0.0115501,0.485642,30,15,0,0.0856267,***
"Opens_T","Opens_T_Parametric",8141,"Parametric","",-1,-0.3,"V",-1.50236,-0.536752,-1.01847,0.489393,-0.0125787,-0.0125787,0.48936,30,15,0,0.0856267,***
"Opens_T","Opens_T_Parametric",8142,"Parametric","",-1,-0.3,"V",-1.5053,-0.536613,-1.02035,0.491393,-0.0138027,-0.0138027,0.488643,30,15,0,0.0856267,***
"Opens_T","Opens_T_Parametric",8143,"Parametric","",-1,-0.3,"V",-1.50006,-0.536706,-1.01822,0.488414,-0.0124356,-0.0124356,0.490173,30,15,0,0.0856267,***
"Opens_T","Opens_T_Parametric",8144,"Parametric","",-1,-0.3,"V",-1.5041,-0.536421,-1.01954,0.490882,-0.0132718,-0.0132718,0.488607,30,15,0,0.0856267,***
"Opens_T","Opens_T_Parametric",8145,"Parametric","",-1,-0.3,"V",-1.50235,-0.534957,-1.01885,0.491635,-0.0127838,-0.0127838,0.487391,30,15,0,0.0856267,***
"Opens_T","Opens_T_Parametric",8146,"Parametric","",-1,-0.3,"V",-1.50266,-0.534404,-1.14186,0.462704,-0.102198,-0.102198,0.60648,30,19,0,0.0856267,***
"Opens_T","Opens_T_Parametric",8147,"Parametric","",-1,-0.3,"V",-1.50452,-0.534164,-1.34198,0.367409,-0.310266,-0.310266,0.945344,30,25,0,0.0856267,***
"Opens_T","Opens_T_Parametric",8148,"Parametric","",-1,-0.3,"V",-1.50246,-0.529815,-1.01617,0.493732,-0.0109161,-0.0109161,0.483508,30,15,0,0.0856267,***
"Opens_T","Opens_T_Parametric",8149,"Parametric","",-1,-0.3,"V",-1.50171,-0.529815,-1.01592,0.493913,-0.0107445,-0.0107445,0.483162,30,15,0,0.0856267,***
"Opens_T","Opens_T_Parametric",8150,"Parametric","",-1,-0.3,"V",-1.50112,-0.531203,-1.33923,0.367513,-0.307682,-0.307682,0.94258,30,25,0,0.0856267,***
"Opens_T","Opens_T_Parametric",8151,"Parametric","",-1,-0.3,"V",-1.50223,-0.53374,-1.01737,0.49131,-0.0117817,-0.0117817,0.486702,30,15,0,0.0856267,***
"Opens_T","Opens_T_Parametric",8152,"Parametric","",-1,-0.3,"V",-1.50397,-0.533664,-1.01897,0.492589,-0.0128349,-0.0128349,0.486523,30,15,0,0.0856267,***
"Opens_T","Opens_T_Parametric",8153,"Parametric","",-1,-0.3,"V",-1.50434,-0.534138,-1.01792,0.491407,-0.0121553,-0.0121553,0.486982,30,15,0,0.0856267,***
"Opens_T","Opens_T_Parametric",8154,"Parametric","",-1,-0.3,"V",-1.50072,-0.533069,-1.01703,0.490837,-0.0115647,-0.0115647,0.486943,30,15,0,0.0856267,***
"Opens_T","Opens_T_Parametric",8155,"Parametric","",-1,-0.3,"V",-1.50287,-0.534009,-1.01892,0.491787,-0.0128214,-0.0128214,0.487281,30,15,0,0.0856267,***
"Opens_T","Opens_T_Parametric",8156,"Parametric","",-1,-0.3,"V",-1.50015,-0.53465,-1.01731,0.490065,-0.0117715,-0.0117715,0.487899,30,15,0,0.0856267,***
"Opens_T","Opens_T_Parametric",8157,"Parametric","",-1,-0.3,"V",-1.50332,-0.533778,-1.01832,0.491662,-0.0124229,-0.0124229,0.487004,30,15,0,0.0856267,***
"Opens_T","Opens_T_Parametric",8158,"Parametric","",-1,-0.3,"V",-1.50559,-0.532969,-1.01769,0.49155,-0.0119954,-0.0119954,0.486684,30,15,0,0.0856267,***
"Opens_T","Opens_T_Parametric",8159,"Parametric","",-1,-0.3,"V",-1.50246,-0.537883,-1.02059,0.489497,-0.0140189,-0.0140189,0.490698,30,15,0,0.0856267,***
"Opens_T","Opens_T_Parametric",8160,"Parametric","",-1,-0.3,"V",-1.50216,-0.531529,-1.01726,0.492621,-0.0116783,-0.0116783,0.485335,30,15,0,0.0856267,***
"Opens_T","Opens_T_Parametric",8161,"Parametric","",-1,-0.3,"V",-1.50023,-0.53126,-1.01594,0.492259,-0.0107918,-0.0107918,0.484797,30,15,0,0.0856267,***
"Opens_T","Opens_T_Parametric",8162,"Parametric","",-1,-0.3,"V",-1.4994,-0.531961,-1.33768,0.366462,-0.307151,-0.307151,0.943871,30,25,0,0.0856267,***
"Opens_T","Opens_T_Parametric",8163,"Parametric","",-1,-0.3,"V",-1.50234,-0.5317,-1.01743,0.492974,-0.0117823,-0.0117823,0.4851,30,15,0,0.0856267,***
"Opens_T","Opens_T_Parametric",8164,"Parametric","",-1,-0.3,"V",-1.50034,-0.531131,-1.01599,0.49253,-0.0108208,-0.0108208,0.484565,30,15,0,0.0856267,***
"Opens_T","Opens_T_Parametric",8165,"Parametric","",-1,-0.3,"V",-1.50371,-0.532223,-1.01811,0.493481,-0.0122349,-0.0122349,0.485067,30,15,0,0.0856267,***
"Opens_T","Opens_T_Parametric",8166,"Parametric","",-1,-0.3,"V",-1.5024,-0.537076,-1.01974,0.490214,-0.0134253,-0.0134253,0.489408,30,15,0,0.0856267,***
"Opens_T","Opens_T_Parametric",8167,"Parametric","",-1,-0.3,"V",-1.50086,-0.536421,-1.01884,0.489719,-0.0128263,-0.0128263,0.48929,30,15,0,0.0856267,***
"Opens_T","Opens_T_Parametric",8168,"Parametric","",-1,-0.3,"V",-1.50367,-0.536312,-1.02028,0.491466,-0.0137523,-0.0137523,0.488522,30,15,0,0.0856267,***
"Opens_T","Opens_T_Parametric",8169,"Parametric","",-1,-0.3,"V",-1.50312,-0.536727,-1.01987,0.490207,-0.0135146,-0.0135146,0.489504,30,15,0,0.0856267,***
"Opens_T","Opens_T_Parametric",8170,"Parametric","",-1,-0.3,"V",-1.50158,-0.535911,-1.01854,0.489567,-0.0126268,-0.0126268,0.489239,30,15,0,0.0856267,***
"Opens_T","Opens_T_Parametric",8171,"Parametric","",-1,-0.3,"V",-1.50188,-0.535097,-1.01853,0.490672,-0.0125881,-0.0125881,0.488127,30,15,0,0.0856267,***
"Opens_T","Opens_T_Parametric",8172,"Parametric","",-1,-0.3,"V",-1.50164,-0.53794,-1.01996,0.489012,-0.0136045,-0.0136045,0.490757,30,15,0,0.0856267,***
"Opens_T","Opens_T_Parametric",8173,"Parametric","",-1,-0.3,"V",-1.50112,-0.531628,-1.01641,0.492836,-0.0111012,-0.0111012,0.484551,30,15,0,0.0856267,***
"Opens_T","Opens_T_Parametric",8174,"Parametric","",-1,-0.3,"V",-1.50254,-0.531616,-1.0169,0.493217,-0.0114243,-0.0114243,0.484509,30,15,0,0.0856267,***
"Opens_T","Opens_T_Parametric",8175,"Parametric","",-1,-0.3,"V",-1.50346,-0.531732,-1.01714,0.493052,-0.0115881,-0.0115881,0.484831,30,15,0,0.0856267,***
"Opens_T","Opens_T_Parametric",8176,"Parametric","",-1,-0.3,"V",-1.50379,-0.532286,-1.01822,0.493459,-0.0123089,-0.0123089,0.485162,30,15,0,0.0856267,***
"Opens_T","Opens_T_Parametric",8177,"Parametric","",-1,-0.3,"V",-1.50171,-0.532169,-1.01697,0.492462,-0.0114886,-0.0114886,0.485298,30,15,0,0.0856267,***
"Opens_T","Opens_T_Parametric",8178,"Parametric","",-1,-0.3,"V",-1.50335,-0.532187,-1.01779,0.493207,-0.012024,-0.012024,0.485118,30,15,0,0.0856267,***
"Opens_T","Opens_T_Parametric",8179,"Parametric","",-1,-0.3,"V",-1.50194,-0.537752,-1.01896,0.488236,-0.0129461,-0.0129461,0.490857,30,15,0,0.0856267,***
"Opens_T","Opens_T_Parametric",8180,"Parametric","",-1,-0.3,"V",-1.50438,-0.534677,-1.01978,0.492208,-0.0133939,-0.0133939,0.487448,30,15,0,0.0856267,***
"Opens_T","Opens_T_Parametric",8181,"Parametric","",-1,-0.3,"V",-1.50278,-0.536685,-1.01944,0.489867,-0.0132273,-0.0132273,0.489547,30,15,0,0.0856267,***
"Opens_T","Opens_T_Parametric",8182,"Parametric","",-1,-0.3,"V",-1.50146,-0.536663,-1.01913,0.490122,-0.0130098,-0.0130098,0.489081,30,15,0,0.0856267,***
"Opens_T","Opens_T_Parametric",8183,"Parametric","",-1,-0.3,"V",-1.50423,-0.535461,-1.02004,0.491647,-0.0135845,-0.0135845,0.48818,30,15,0,0.0856267,***
"Opens_T","Opens_T_Parametric",8184,"Parametric","",-1,-0.3,"V",-1.50108,-0.53824,-1.0196,0.488357,-0.013377,-0.013377,0.491169,30,15,0,0.0856267,***
"Opens_T","Opens_T_Parametric",8185,"Parametric","",-1,-0.3,"V",-1.50109,-0.537012,-1.0186,0.488687,-0.0126905,-0.0126905,0.49016,30,15,0,0.0856267,***
"Opens_T","Opens_T_Parametric",8186,"Parametric","",-1,-0.3,"V",-1.50098,-0.537001,-1.33999,0.365221,-0.310306,-0.310306,0.949188,30,25,0,0.0856267,***
"Opens_T","Opens_T_Parametric",8187,"Parametric","",-1,-0.3,"V",-1.50266,-0.534953,-1.34118,0.366668,-0.310164,-0.310164,0.946524,30,25,0,0.0856267,***
"Opens_T","Opens_T_Parametric",8188,"Parametric","",-1,-0.3,"V",-1.50363,-0.535424,-1.0197,0.491599,-0.0133575,-0.0133575,0.487999,30,15,0,0.0856267,***